<Page class="page"
    navigatingTo="onNavigatingTo"  
    xmlns="http://schemas.nativescript.org/tns.xsd"
	xmlns:nsDrawer="nativescript-ui-sidedrawer">

    <ActionBar class="bar" height="40" backgroundColor="{{ bgColor }}">
    	<GridLayout class="bar" columns="50, *, 50" backgroundColor="{{ bgColor }}">
        	<Label class="bar" text="Bestiary" col="1" backgroundColor="{{ bgColor }}"></Label>
    		<Button class="menu" col="2" text="---------------------------------------------------" tap="pullMenu" backgroundColor="{{ bgColor }}"></Button>
    	</GridLayout>
    </ActionBar>
    
	<GridLayout rows="auto, 5, *" backgroundColor="{{ light }}">
	    <GridLayout id="menuGrid" rows="40" visibility="{{ menuOn }}" backgroundColor="{{ light }}">
	    </GridLayout>

	    <StackLayout row="2" height="auto">
		</StackLayout>
		<ScrollView row="2" scroll="onScroll" id="sv1" backgroundColor="{{ light }}">
		<GridLayout rows="auto, 5, *" columns="*" backgroundColor="{{ light }}">
			<GridLayout rows="auto" columns="5 * 5" backgroundColor="{{ light }}">
				<Button text="New Monster" tap="newM" col="1"/>
			</GridLayout>
			<GridLayout id="gl" rows="auto" columns="5 * 5" backgroundColor="{{ light }}" row="2">
			    <GridLayout rows="*" columns="* 5 *" row="0" col="1">
			    </GridLayout>
			</GridLayout>
		</GridLayout>
		</ScrollView>

    </GridLayout>


</Page>
