<Page class="page"
    navigatingTo="onNavigatingTo"
    xmlns="http://schemas.nativescript.org/tns.xsd"
	xmlns:nsDrawer="nativescript-ui-sidedrawer">

  <ActionBar class="bar" height="40" backgroundColor="{{ bgColor }}">
    <GridLayout class="bar" columns="50, *, 50" backgroundColor="{{ bgColor }}">
      <Label class="bar" text="Monster" col="1" backgroundColor="{{ bgColor }}"></Label>
      <Button class="menu" col="2" text="---------------------------------------------------" tap="pullMenu" backgroundColor="{{ bgColor }}"></Button>
    </GridLayout>
  </ActionBar>

  <GridLayout rows="auto, 5, *" backgroundColor="{{ light }}">
    <GridLayout id="menuGrid" rows="40" visibility="{{ menuOn }}" backgroundColor="{{ light }}">
    </GridLayout>

    <StackLayout row="2" height="auto">
    </StackLayout>
    <ScrollView row="2" scroll="onScroll" id="sv1" backgroundColor="{{ light }}">
      <GridLayout id="gl" rows="auto" columns="5 * 5" backgroundColor="{{ light }}">
        <GridLayout rows="auto, auto, auto, auto, auto, auto, auto, auto, auto, auto, auto, auto, auto, auto, auto, auto, auto, auto, auto, auto, auto, auto, auto, auto, 10" columns="120, *" row="0" col="1" backgroundColor="{{ light }}">
          <Label text = "Name: " row="0" col="0" textWrap="true"></Label>
          <TextView text ="{{ name }}" class="header" editable="{{editable}}" row="0" col="1" id="nameField" textWrap="true" backgroundColor="{{ light }}"></TextView>
          <GridLayout rows ="auto, auto, auto, auto" columns="120, *" row="1" col="0"  colSpan="2" backgroundColor="{{ light }}">
            <Label text = "Size: " row="0" col="0" textWrap="true"></Label>
            <TextView text ="{{ size }}" editable="{{editable}}" row="0" col="1" id="nameField" textWrap="true" backgroundColor="{{ light }}"></TextView>
            <Label text = "Type: " row="1" col="0" textWrap="true"></Label>
            <TextView text ="{{ type }}"  editable="{{editable}}" row="1" col="1" id="nameField" textWrap="true" backgroundColor="{{ light }}"></TextView>
            <Label text = "Tag: " row="2" col="0" textWrap="true"></Label>
            <TextView text ="{{ tag }}" editable="{{editable}}" row="2" col="1" id="nameField" textWrap="true" backgroundColor="{{ light }}"></TextView>
            <Label text = "Alignment: " row="3" col="0" textWrap="true"></Label>
            <TextView text ="{{ alignment }}"  editable="{{editable}}" row="3" col="1" id="nameField" textWrap="true" backgroundColor="{{ light }}"></TextView>
          </GridLayout>
          <!--<Label text = "STA: " row="1" col="0" textWrap="true"></Label>
          <TextView text ="{{ STA }}" editable="{{editable}}" row="1" col="1" textWrap="true" backgroundColor="{{ light }}"></TextView>-->
          <Label text ="   ------------------------------------------------------" row="2" colSpan="2"></Label>
          <Label text = "AC: " row="3" col="0" textWrap="true"></Label>
          <TextView text ="{{ AC }}" editable="{{editable}}" row="3" col="1" textWrap="true" backgroundColor="{{ light }}"></TextView>
          <Label text = "HP: " row="4" col="0" textWrap="true"></Label>
          <TextView text ="{{ HP }}" editable="{{editable}}" row="4" col="1" textWrap="true" backgroundColor="{{ light }}"></TextView>
          <Label text = "Speed: " row="5" col="0" textWrap="true"></Label>
          <TextView text ="{{ Speed }}" editable="{{editable}}" row="5" col="1" textWrap="true" backgroundColor="{{ light }}"></TextView>
          <Label text ="   ------------------------------------------------------" row="6" colSpan="2"></Label>
          <Label text = "Strength: " row="7" col="0" textWrap="true"></Label>
          <TextView text ="{{ Strength }}" editable="{{editable}}" row="7" col="1" textWrap="true" backgroundColor="{{ light }}"></TextView>
          <Label text = "Dexterity: " row="8" col="0" textWrap="true"></Label>
          <TextView text ="{{ Dexterity }}" editable="{{editable}}" row="8" col="1" textWrap="true" backgroundColor="{{ light }}"></TextView>
          <Label text = "Intelligence: " row="9" col="0" textWrap="true"></Label>
          <TextView text ="{{ Intelligence }}" editable="{{editable}}" row="9" col="1" textWrap="true" backgroundColor="{{ light }}"></TextView>
          <Label text = "Constitution: " row="10" col="0" textWrap="true"></Label>
          <TextView text ="{{ Constitution }}" editable="{{editable}}" row="10" col="1" textWrap="true" backgroundColor="{{ light }}"></TextView>
          <Label text = "Wisdom: " row="11" col="0" textWrap="true"></Label>
          <TextView text ="{{ Wisdom }}" editable="{{editable}}" row="11" col="1" textWrap="true" backgroundColor="{{ light }}"></TextView>
          <Label text = "Charisma: " row="12" col="0" textWrap="true"></Label>
          <TextView text ="{{ Charisma }}" editable="{{editable}}" row="12" col="1" textWrap="true" backgroundColor="{{ light }}"></TextView>
          <Label text ="   ------------------------------------------------------" row="13" colSpan="2"></Label>
          <Label text = "Saving Throws: " row="14" col="0" textWrap="true"></Label>
          <TextView text ="{{ SavingThrows }}" editable="{{editable}}" row="14" col="1" textWrap="true" backgroundColor="{{ light }}"></TextView>
          <Label text = "Skills: " row="15" col="0" textWrap="true"></Label>
          <TextView text ="{{ Skills }}" editable="{{editable}}" row="15" col="1" textWrap="true" backgroundColor="{{ light }}"></TextView>
          <Label text = "Vulnerabilities: " row="16" col="0" textWrap="true"></Label>
          <TextView text ="{{ Vulnerabilities }}" editable="{{editable}}" row="16" col="1" textWrap="true" backgroundColor="{{ light }}"></TextView>
          <Label text = "Resistances: " row="17" col="0" textWrap="true"></Label>
          <TextView text ="{{ Resistances }}" editable="{{editable}}" row="17" col="1" textWrap="true" backgroundColor="{{ light }}"></TextView>
          <Label text = "Immunities: " row="18" col="0" textWrap="true"></Label>
          <TextView text ="{{ Immunities }}" editable="{{editable}}" row="18" col="1" textWrap="true" backgroundColor="{{ light }}"></TextView>
          <Label text = "Condition Immunities: " row="19" col="0" textWrap="true"></Label>
          <TextView text ="{{ ConditionImmunities }}" editable="{{editable}}" row="19" col="1" textWrap="true" backgroundColor="{{ light }}"></TextView>
          <Label text = "Senses: " row="20" col="0" textWrap="true"></Label>
          <TextView text ="{{ Senses }}" editable="{{editable}}" row="20" col="1" textWrap="true" backgroundColor="{{ light }}"></TextView>
          <Label text = "Languages: " row="21" col="0" textWrap="true"></Label>
          <TextView text ="{{ Languages }}" editable="{{editable}}" row="21" col="1" textWrap="true" backgroundColor="{{ light }}"></TextView>
          <Label text = "Challenge: " row="22" col="0" textWrap="true"></Label>
          <TextView text ="{{ Challenge }}" editable="{{editable}}" row="22" col="1" textWrap="true" backgroundColor="{{ light }}"></TextView>
          <Button text="Delete" row="23" col="0" tap="deleteMonster" id="del"></Button>
          <Button text="Edit" row="23" col="1" tap="edit" id="edit"></Button>

                                                  <!--<GridLayout rows ="auto, auto, auto, auto, auto, auto"></GridLayout>-->

                                                </GridLayout>
      </GridLayout>
    </ScrollView>

  </GridLayout>


</Page>
